{"r2": 0.5336997493161658, "mae": 33.561579769736845, "feature_importance": {"_type": "image-file", "sha256": "7c59d06d29b347db2d98d637a1337f33a444079ade4c85df1c516c994819044f", "size": 33349, "path": "media/images/feature_importance_0_7c59d06d29b347db2d98.png", "format": "png", "width": 1000, "height": 1000}, "_timestamp": 1730254739.4357195, "_runtime": 66.05528354644775, "_step": 0, "_wandb": {"runtime": 65}}