{"r2": 0.5545875561721014, "mae": 33.43959210526316, "feature_importance": {"_type": "image-file", "sha256": "6d24921f8b9fcdc03aaf580683a85b92826ac3d1bf54696d40c62aeb0c2f85b2", "size": 35689, "path": "media/images/feature_importance_0_6d24921f8b9fcdc03aaf.png", "format": "png", "width": 1000, "height": 1000}, "_timestamp": 1730254879.1392605, "_runtime": 71.2002694606781, "_step": 0, "_wandb": {"runtime": 70}}